order_id,order_no,creator,status,total_amount,sales_name,sales_uid,person_id,lead_id,effective_at,create_time,items,cases,relations,student_name
8800,OD202609231629388800,seed-batch4,effective,880.00,王文欣,42,8007,,2026-09-23 16:29:38,2026-09-23 16:29:38,1,1,1,唐芳
8801,OD202609231629388801,seed-batch4,terminated,880.00,邓穆祺,47,7950,,2026-09-23 16:29:38,2026-09-23 16:29:38,1,1,1,李敏
8802,OD202609231629388802,seed-batch4,effective,880.00,邓穆祺,47,8028,,2026-09-23 16:29:38,2026-09-23 16:29:38,1,1,1,卢婉青
8803,OD202609231629388803,seed-batch4,effective,880.00,邓穆祺,47,8103,,2026-09-23 16:29:38,2026-09-23 16:29:38,1,1,1,袁小莉
726,OD202609190228590001,seed-liudandan,effective,3380.00,邓穆祺,47,6003,,2026-09-19 02:28:59,2026-09-19 02:28:59,1,1,1,刘丹丹
8663,OD202609211159488663,seed-llyilin,effective,880.00,栗伊琳,31,7984,,2026-09-21 11:59:48,2026-09-21 11:59:48,1,1,1,陈薇注册营养师
8664,OD202609211159488664,seed-llyilin,effective,880.00,栗伊琳,31,7985,,2026-09-21 11:59:48,2026-09-21 11:59:48,1,1,1,等着寿司吧
8665,OD202609211159488665,seed-llyilin,effective,880.00,栗伊琳,31,7986,,2026-09-21 11:59:48,2026-09-21 11:59:48,1,1,1,薇姐懂营养
8666,OD202609211159488666,seed-llyilin,effective,880.00,栗伊琳,31,7987,,2026-09-21 11:59:48,2026-09-21 11:59:48,1,1,1,吃曲奇的饼干
8667,OD202609211159488667,seed-llyilin,effective,880.00,栗伊琳,31,7988,,2026-09-21 11:59:48,2026-09-21 11:59:48,1,1,1,蛋挞独斗.
8668,OD202609211159488668,seed-llyilin,effective,880.00,栗伊琳,31,7989,,2026-09-21 11:59:48,2026-09-21 11:59:48,1,1,1,糕冷kitty
8669,OD202609211159488669,seed-llyilin,effective,880.00,栗伊琳,31,7990,,2026-09-21 11:59:48,2026-09-21 11:59:48,1,1,1,陈薇注册营养师2
8670,OD202609211159488670,seed-llyilin,effective,880.00,栗伊琳,31,7991,,2026-09-21 11:59:48,2026-09-21 11:59:48,1,1,1,七七
8671,OD202609211159488671,seed-llyilin,effective,880.00,栗伊琳,31,7992,,2026-09-21 11:59:48,2026-09-21 11:59:48,1,1,1,薯你醉可爱
8672,OD202609211159488672,seed-llyilin,effective,880.00,栗伊琳,31,7993,,2026-09-21 11:59:48,2026-09-21 11:59:48,1,1,1,芋营养考笔记
8673,OD202609211159488673,seed-llyilin,effective,880.00,栗伊琳,31,7994,,2026-09-21 11:59:48,2026-09-21 11:59:48,1,1,1,考证的小梁
8674,OD202609211159488674,seed-llyilin,effective,880.00,栗伊琳,31,7995,,2026-09-21 11:59:48,2026-09-21 11:59:48,1,1,1,芋圆葡萄
727,OD202609201400090001,seed-students,effective,3380.00,王文欣,42,6004,,2026-09-20 14:00:59,2026-09-20 14:00:59,1,1,1,师泽群
728,OD202609201400090002,seed-students,effective,3380.00,王文欣,42,6005,,2026-09-20 14:00:59,2026-09-20 14:00:59,1,1,1,陈今
729,OD202609201400090003,seed-students,effective,3380.00,王文欣,42,6006,,2026-09-20 14:00:59,2026-09-20 14:00:59,1,1,1,石小婷
730,OD202609201400090004,seed-students,effective,3380.00,王文欣,42,6007,,2026-09-20 14:00:59,2026-09-20 14:00:59,1,1,1,聂红梅
731,OD202609201400090005,seed-students,effective,3380.00,王文欣,42,6008,,2026-09-20 14:00:59,2026-09-20 14:00:59,1,1,1,郭琛
732,OD202609201400090006,seed-students,effective,3380.00,王文欣,42,6009,,2026-09-20 14:00:59,2026-09-20 14:00:59,1,1,1,王勃阳
733,OD202609201400090007,seed-students,effective,3380.00,王文欣,42,6010,,2026-09-20 14:00:59,2026-09-20 14:00:59,1,1,1,庞辽阳
734,OD202609201400090008,seed-students,effective,3380.00,王文欣,42,6011,,2026-09-20 14:00:59,2026-09-20 14:00:59,1,1,1,方云
735,OD202609201400090009,seed-students,effective,3380.00,王文欣,42,6012,,2026-09-20 14:00:59,2026-09-20 14:00:59,1,1,1,盛丽丽
736,OD202609201400090010,seed-students,effective,3380.00,王文欣,42,6013,,2026-09-20 14:00:59,2026-09-20 14:00:59,1,1,1,赵宗婕
737,OD202609201400090011,seed-students,effective,3380.00,王文欣,42,6014,,2026-09-20 14:00:59,2026-09-20 14:00:59,1,1,1,陈敏
738,OD202609201400090012,seed-students,effective,3380.00,王文欣,42,6015,,2026-09-20 14:00:59,2026-09-20 14:00:59,1,1,1,渠薪冉
739,OD202609201400090013,seed-students,effective,3380.00,王文欣,42,6016,,2026-09-20 14:00:59,2026-09-20 14:00:59,1,1,1,张静
740,OD202609201400090014,seed-students,effective,3380.00,王文欣,42,6017,,2026-09-20 14:00:59,2026-09-20 14:00:59,1,1,1,陆美胜
741,OD202609201400090015,seed-students,effective,3380.00,王文欣,42,6018,,2026-09-20 14:00:59,2026-09-20 14:00:59,1,1,1,任晓群
742,OD202609201400090016,seed-students,effective,3380.00,王文欣,42,6019,,2026-09-20 14:00:59,2026-09-20 14:00:59,1,1,1,孟庆娟
743,OD202609201400090017,seed-students,effective,3380.00,王文欣,42,6020,,2026-09-20 14:00:59,2026-09-20 14:00:59,1,1,1,杨淑凡
744,OD202609201400090018,seed-students,effective,3380.00,王文欣,42,6021,,2026-09-20 14:00:59,2026-09-20 14:00:59,1,1,1,高珊
745,OD202609201400090019,seed-students,effective,3380.00,王文欣,42,6022,,2026-09-20 14:00:59,2026-09-20 14:00:59,1,1,1,刘晓敏
746,OD202609201400090020,seed-students,effective,3380.00,王文欣,42,6023,,2026-09-20 14:00:59,2026-09-20 14:00:59,1,1,1,张建敏
747,OD202609201400090021,seed-students,effective,3380.00,王文欣,42,6024,,2026-09-20 14:00:59,2026-09-20 14:00:59,1,1,1,徐魏
748,OD202609201400090022,seed-students,effective,3380.00,王文欣,42,6025,,2026-09-20 14:00:59,2026-09-20 14:00:59,1,1,1,杨子欣
749,OD202609201400090023,seed-students,effective,3380.00,王文欣,42,6026,,2026-09-20 14:00:59,2026-09-20 14:00:59,1,1,1,李海兰
750,OD202609201400090024,seed-students,effective,3380.00,王文欣,42,6027,,2026-09-20 14:00:59,2026-09-20 14:00:59,1,1,1,黎雅姬
751,OD202609201400090025,seed-students,effective,3380.00,王文欣,42,6028,,2026-09-20 14:00:59,2026-09-20 14:00:59,1,1,1,陈金梅
752,OD202609201400090026,seed-students,effective,3380.00,王文欣,42,6029,,2026-09-20 14:00:59,2026-09-20 14:00:59,1,1,1,柯丽丽
753,OD202609201400090027,seed-students,effective,3380.00,王文欣,42,354,,2026-09-20 14:00:59,2026-09-20 14:00:59,1,1,1,史璐丹
754,OD202609201400090028,seed-students,effective,3380.00,王文欣,42,6031,,2026-09-20 14:00:59,2026-09-20 14:00:59,1,1,1,吴丹丹
755,OD202609201400090029,seed-students,effective,3380.00,王文欣,42,6032,,2026-09-20 14:00:59,2026-09-20 14:00:59,1,1,1,徐姣
756,OD202609201400090030,seed-students,effective,3380.00,王文欣,42,6033,,2026-09-20 14:00:59,2026-09-20 14:00:59,1,1,1,熊文华
757,OD202609201400090031,seed-students,effective,3380.00,王文欣,42,6034,,2026-09-20 14:00:59,2026-09-20 14:00:59,1,1,1,王彦珍
758,OD202609201400090032,seed-students,effective,3380.00,王文欣,42,6035,,2026-09-20 14:00:59,2026-09-20 14:00:59,1,1,1,许容丽
759,OD202609201400090033,seed-students,effective,3380.00,王文欣,42,6036,,2026-09-20 14:00:59,2026-09-20 14:00:59,1,1,1,郭沙沙
760,OD202609201400090034,seed-students,effective,3380.00,王文欣,42,6037,,2026-09-20 14:00:59,2026-09-20 14:00:59,1,1,1,王群芳
761,OD202609201400090035,seed-students,effective,3380.00,王文欣,42,6038,,2026-09-20 14:00:59,2026-09-20 14:00:59,1,1,1,刘清华
8037,OD202609201407340037,seed-students,effective,3380.00,王文欣,42,4845,,2026-09-20 14:08:02,2026-09-20 14:08:02,1,1,1,王钦卓
8038,OD202609201407340038,seed-students,effective,3380.00,王文欣,42,7038,,2026-09-20 14:08:02,2026-09-20 14:08:02,1,1,1,齐又春
8039,OD202609201407340039,seed-students,effective,3380.00,王文欣,42,7039,,2026-09-20 14:08:02,2026-09-20 14:08:02,1,1,1,刘宏丽
8041,OD202609201407340041,seed-students,effective,3380.00,王文欣,42,7041,,2026-09-20 14:08:02,2026-09-20 14:08:02,1,1,1,李雨薇
8042,OD202609201407340042,seed-students,effective,3380.00,邓穆祺,47,7042,,2026-09-20 14:08:02,2026-09-20 14:08:02,1,1,1,张越
8043,OD202609201407340043,seed-students,effective,3380.00,邓穆祺,47,7043,,2026-09-20 14:08:02,2026-09-20 14:08:02,1,1,1,付卫美
8044,OD202609201407340044,seed-students,effective,3380.00,邓穆祺,47,7044,,2026-09-20 14:08:02,2026-09-20 14:08:02,1,1,1,刘健光
8045,OD202609201407340045,seed-students,effective,3380.00,邓穆祺,47,7045,,2026-09-20 14:08:02,2026-09-20 14:08:02,1,1,1,肖孟德
8046,OD202609201407340046,seed-students,effective,3380.00,邓穆祺,47,7046,,2026-09-20 14:08:02,2026-09-20 14:08:02,1,1,1,余剑
8047,OD202609201407340047,seed-students,effective,3380.00,邓穆祺,47,7047,,2026-09-20 14:08:02,2026-09-20 14:08:02,1,1,1,乐发英
8048,OD202609201407340048,seed-students,effective,3380.00,邓穆祺,47,7048,,2026-09-20 14:08:02,2026-09-20 14:08:02,1,1,1,罗先会
8049,OD202609201407340049,seed-students,effective,3380.00,邓穆祺,47,7049,,2026-09-20 14:08:02,2026-09-20 14:08:02,1,1,1,葛玉燕
8050,OD202609201407340050,seed-students,effective,3380.00,邓穆祺,47,7050,,2026-09-20 14:08:02,2026-09-20 14:08:02,1,1,1,姜俊豪
8051,OD202609201407340051,seed-students,effective,3380.00,邓穆祺,47,7051,,2026-09-20 14:08:02,2026-09-20 14:08:02,1,1,1,汪志峰
8052,OD202609201407340052,seed-students,effective,3380.00,邓穆祺,47,7052,,2026-09-20 14:08:02,2026-09-20 14:08:02,1,1,1,朱梦月
8053,OD202609201407340053,seed-students,effective,3380.00,邓穆祺,47,7053,,2026-09-20 14:08:02,2026-09-20 14:08:02,1,1,1,林丽清
8054,OD202609201407340054,seed-students,effective,3380.00,邓穆祺,47,7054,,2026-09-20 14:08:02,2026-09-20 14:08:02,1,1,1,杨士伟
8055,OD202609201407340055,seed-students,effective,3380.00,邓穆祺,47,7055,,2026-09-20 14:08:02,2026-09-20 14:08:02,1,1,1,王丹
8056,OD202609201407340056,seed-students,effective,3380.00,邓穆祺,47,7056,,2026-09-20 14:08:02,2026-09-20 14:08:02,1,1,1,王静
8057,OD202609201407340057,seed-students,effective,3380.00,邓穆祺,47,7057,,2026-09-20 14:08:02,2026-09-20 14:08:02,1,1,1,张素丽
8058,OD202609201407340058,seed-students,effective,3380.00,邓穆祺,47,7058,,2026-09-20 14:08:02,2026-09-20 14:08:02,1,1,1,杨晓慧
8059,OD202609201407340059,seed-students,effective,3380.00,邓穆祺,47,7059,,2026-09-20 14:08:02,2026-09-20 14:08:02,1,1,1,田淑芹
8060,OD202609201407340060,seed-students,effective,3380.00,邓穆祺,47,7060,,2026-09-20 14:08:02,2026-09-20 14:08:02,1,1,1,金玉莹
8061,OD202609201407340061,seed-students,effective,3380.00,邓穆祺,47,7061,,2026-09-20 14:08:02,2026-09-20 14:08:02,1,1,1,孟宸冰
8062,OD202609201407340062,seed-students,effective,3380.00,邓穆祺,47,7062,,2026-09-20 14:08:02,2026-09-20 14:08:02,1,1,1,尤胜华
8063,OD202609201407340063,seed-students,effective,3380.00,邓穆祺,47,7063,,2026-09-20 14:08:02,2026-09-20 14:08:02,1,1,1,马冲
8064,OD202609201407340064,seed-students,effective,3380.00,邓穆祺,47,7064,,2026-09-20 14:08:02,2026-09-20 14:08:02,1,1,1,任玲娜
8065,OD202609201407340065,seed-students,effective,3380.00,邓穆祺,47,7065,,2026-09-20 14:08:02,2026-09-20 14:08:02,1,1,1,马丽
8066,OD202609201407340066,seed-students,effective,3380.00,邓穆祺,47,7066,,2026-09-20 14:08:02,2026-09-20 14:08:02,1,1,1,邓永佳
8067,OD202609201407340067,seed-students,effective,3380.00,邓穆祺,47,7067,,2026-09-20 14:08:02,2026-09-20 14:08:02,1,1,1,张晓洁
8068,OD202609201407340068,seed-students,effective,3380.00,邓穆祺,47,7068,,2026-09-20 14:08:02,2026-09-20 14:08:02,1,1,1,王玲
8069,OD202609201407340069,seed-students,effective,3380.00,邓穆祺,47,7069,,2026-09-20 14:08:02,2026-09-20 14:08:02,1,1,1,张洛溪
8070,OD202609201407340070,seed-students,effective,3380.00,邓穆祺,47,7070,,2026-09-20 14:08:02,2026-09-20 14:08:02,1,1,1,韩美慧
8071,OD202609201407340071,seed-students,effective,3380.00,邓穆祺,47,7071,,2026-09-20 14:08:02,2026-09-20 14:08:02,1,1,1,潘苏荣
8072,OD202609201407340072,seed-students,effective,3380.00,邓穆祺,47,7072,,2026-09-20 14:08:02,2026-09-20 14:08:02,1,1,1,王伟
8073,OD202609201407340073,seed-students,effective,3380.00,邓穆祺,47,7073,,2026-09-20 14:08:02,2026-09-20 14:08:02,1,1,1,张弓
8074,OD202609201407340074,seed-students,effective,3380.00,邓穆祺,47,7074,,2026-09-20 14:08:02,2026-09-20 14:08:02,1,1,1,崔莹
8075,OD202609201407340075,seed-students,effective,3380.00,邓穆祺,47,7075,,2026-09-20 14:08:02,2026-09-20 14:08:02,1,1,1,郝素静
8076,OD202609201407340076,seed-students,effective,3380.00,邓穆祺,47,7076,,2026-09-20 14:08:02,2026-09-20 14:08:02,1,1,1,周洋
8077,OD202609201407340077,seed-students,effective,3380.00,邓穆祺,47,7077,,2026-09-20 14:08:02,2026-09-20 14:08:02,1,1,1,王佳琪
8078,OD202609201407340078,seed-students,effective,3380.00,邓穆祺,47,7078,,2026-09-20 14:08:02,2026-09-20 14:08:02,1,1,1,王岳生
8079,OD202609201407340079,seed-students,effective,3380.00,邓穆祺,47,7079,,2026-09-20 14:08:02,2026-09-20 14:08:02,1,1,1,王睿琳
8080,OD202609201407340080,seed-students,effective,3380.00,邓穆祺,47,7080,,2026-09-20 14:08:02,2026-09-20 14:08:02,1,1,1,王英
8081,OD202609201407340081,seed-students,effective,3380.00,邓穆祺,47,7081,,2026-09-20 14:08:02,2026-09-20 14:08:02,1,1,1,戴浩晨
8082,OD202609201407340082,seed-students,effective,3380.00,邓穆祺,47,7082,,2026-09-20 14:08:02,2026-09-20 14:08:02,1,1,1,王华
8083,OD202609201407340083,seed-students,effective,3380.00,邓穆祺,47,7083,,2026-09-20 14:08:02,2026-09-20 14:08:02,1,1,1,冯晓君
8084,OD202609201407340084,seed-students,effective,3380.00,邓穆祺,47,7084,,2026-09-20 14:08:02,2026-09-20 14:08:02,1,1,1,杨林波
8085,OD202609201407340085,seed-students,effective,3380.00,邓穆祺,47,7085,,2026-09-20 14:08:02,2026-09-20 14:08:02,1,1,1,郄文阳
8086,OD202609201407340086,seed-students,effective,3380.00,邓穆祺,47,7086,,2026-09-20 14:08:02,2026-09-20 14:08:02,1,1,1,周浅荷
8087,OD202609201407340087,seed-students,effective,3380.00,邓穆祺,47,7087,,2026-09-20 14:08:02,2026-09-20 14:08:02,1,1,1,张瑜
8088,OD202609201407340088,seed-students,effective,3380.00,邓穆祺,47,7088,,2026-09-20 14:08:02,2026-09-20 14:08:02,1,1,1,刘艳利
8089,OD202609201407340089,seed-students,effective,3380.00,邓穆祺,47,7089,,2026-09-20 14:08:02,2026-09-20 14:08:02,1,1,1,王恬雅
8090,OD202609201407340090,seed-students,effective,3380.00,邓穆祺,47,7090,,2026-09-20 14:08:02,2026-09-20 14:08:02,1,1,1,魏华
8092,OD202609201407340092,seed-students,effective,3380.00,邓穆祺,47,5193,,2026-09-20 14:08:02,2026-09-20 14:08:02,1,1,1,周有琴
8500,OD202609201416529991,seed-students,effective,3380.00,王文欣,42,7500,,2026-09-20 14:16:52,2026-09-20 14:16:52,1,1,1,毕敏敏
8600,OD202609201406530010,seed-students,terminated,3380.00,王文欣,42,1941,,2026-09-20 14:46:41,2026-09-20 14:46:41,1,1,1,程婧姝
8601,OD202609201539519002,seed-students,effective,3380.00,邓穆祺,47,4256,,2026-09-20 15:39:51,2026-09-20 15:39:51,1,1,1,朱健峰
